{
  "properties": {
    "WorldPivotData": {
      "OptionalCFrame": {
        "position": [
          -160.72028,
          -3.5388367,
          242.90369
        ],
        "orientation": [
          [
            1.0,
            0.0,
            0.0
          ],
          [
            0.0,
            0.0,
            1.0
          ],
          [
            0.0,
            -1.0,
            0.0
          ]
        ]
      }
    },
    "Grip": [
      0.0,
      0.0,
      0.0,
      -4.371138828673793e-8,
      0.0,
      1.0,
      0.0,
      1.0,
      -0.0,
      -1.0,
      0.0,
      -4.371138828673793e-8
    ]
  },
  "attributes": {
    "Damage": 15.0,
    "HeavyDamage": 35.0,
    "HitEffect": "Slash",
    "HitSound": "rbxassetid://131133470069125",
    "Range": 6.0
  },
  "className": "Tool"
}