{
  "properties": {
    "WorldPivotData": {
      "OptionalCFrame": {
        "position": [
          -227.74239,
          0.5000007,
          99.32019
        ],
        "orientation": [
          [
            0.16463771,
            9.4195265e-8,
            0.9863541
          ],
          [
            -6.2728725e-7,
            0.99999994,
            -7.434363e-10
          ],
          [
            -0.98635405,
            -5.5981366e-7,
            0.16463773
          ]
        ]
      }
    },
    "Grip": [
      0.743499755859375,
      0.35189831256866455,
      0.3180694580078125,
      -4.470347647611561e-8,
      -0.866025447845459,
      0.5000000596046448,
      -1.921031689278152e-8,
      -0.5000000596046448,
      -0.866025447845459,
      1.0,
      -4.8319506618099695e-8,
      5.715117268323411e-9
    ]
  },
  "attributes": {
    "Damage": 12.0,
    "Durability": 100.0,
    "HeavyDamage": 28.0,
    "HitEffect": "Slash",
    "HitSound": "rbxassetid://131133470069125",
    "MaxDurability": 100.0,
    "Range": 5.0
  },
  "className": "Tool"
}