{
  "properties": {
    "Grip": [
      -0.20000000298023224,
      -0.05000000074505806,
      -0.699999988079071,
      -1.0,
      8.742277657347586e-8,
      0.0,
      -8.742277657347586e-8,
      -1.0,
      -0.0,
      0.0,
      -0.0,
      1.0
    ]
  },
  "attributes": {
    "Durability": 300.0,
    "HeavyDamage": 30.0,
    "MaxDurability": 300.0
  },
  "className": "Tool"
}