{
  "properties": {
    "ModelMeshCFrame": [
      334.5902404785156,
      -132.50283813476562,
      349.60528564453125,
      -0.3586227297782898,
      -0.2869376540184021,
      -0.8882887363433838,
      -0.6900327801704407,
      -0.5593912601470947,
      0.4592784345149994,
      -0.6286849975585938,
      0.777655839920044,
      0.002614071127027273
    ],
    "WorldPivotData": {
      "OptionalCFrame": {
        "position": [
          28.002632,
          0.8779902,
          333.55518
        ],
        "orientation": [
          [
            1.0,
            0.0,
            -0.0
          ],
          [
            -0.0,
            -4.371139e-8,
            -1.0
          ],
          [
            0.0,
            1.0,
            -4.371139e-8
          ]
        ]
      }
    },
    "ToolTip": "Hacha",
    "Grip": [
      0.0,
      0.0,
      0.0,
      -4.371138828673793e-8,
      0.0,
      -1.0,
      0.0,
      1.0,
      -0.0,
      1.0,
      -0.0,
      -4.371138828673793e-8
    ]
  },
  "className": "Tool"
}