{
  "properties": {
    "Grip": [
      1.0,
      0.5,
      0.0,
      -0.5000000596046448,
      -0.8660253882408142,
      0.0,
      0.8660253882408142,
      -0.5000000596046448,
      -0.0,
      0.0,
      0.0,
      1.0
    ]
  },
  "attributes": {
    "Damage": 12.0,
    "Durability": 100.0,
    "HeavyDamage": 28.0,
    "HitEffect": "Slash",
    "HitSound": "rbxassetid://131133470069125",
    "MaxDurability": 100.0,
    "Range": 5.0
  },
  "className": "Tool"
}