{
  "properties": {
    "ModelMeshCFrame": [
      30.175506591796875,
      -21.097549438476562,
      -1.0999541282653809,
      0.0012429360067471862,
      -0.9920158386230469,
      -0.12626531720161438,
      1.00016450881958,
      0.0007342621101997793,
      0.004104937426745892,
      -0.003980530425906181,
      -0.1262546181678772,
      0.9920784831047058
    ],
    "Scale": 1.797153353691101,
    "WorldPivotData": {
      "OptionalCFrame": {
        "position": [
          21.847467,
          0.6575216,
          0.4022398
        ],
        "orientation": [
          [
            1.0,
            0.0,
            0.0
          ],
          [
            0.0,
            1.0,
            0.0
          ],
          [
            0.0,
            0.0,
            1.0
          ]
        ]
      }
    },
    "Grip": [
      0.0,
      0.0,
      0.0,
      -4.371138828673793e-8,
      0.0,
      -1.0,
      0.0,
      1.0,
      -0.0,
      1.0,
      -0.0,
      -4.371138828673793e-8
    ],
    "RequiresHandle": false
  },
  "className": "Tool"
}